parti,partinamn,kommun,kommunkod,rostandelProcent,antalRoster,rakningstillfalle
OR,Oberoende Realister,Hagfors,1783,41.9,2761,preliminär
DKL,Dorotea Kommunlista,Dorotea,2425,36.8,403,preliminär
GÖF,Götenes framtid,Götene,1471,35,2676,preliminär
FoAr,Folkinitiativet Arjeplog,Arjeplog,2506,33.4,522,preliminär
ViP,Vi i Perstorp,Perstorp,1275,33,1201,preliminär
KNU,Knivsta.Nu,Knivsta,0330,32.1,4195,preliminär
HP,Hälleforspartiet,Hällefors,1863,28.4,1064,preliminär
VFÅ,Vår Framtids politiska utskott,Ånge,2260,28.4,1500,preliminär
NorrP,Norrlandspartiet,Kramfors,2282,25,2697,preliminär
FFK,FRAM FÖR KOMMUNEN,Grästorp,1444,24.4,758,preliminär
MiG,Medborgarpartiet i Gislaved (MiG),Gislaved,0662,24.1,4078,preliminär
ML,Malålistan,Malå,2418,22.2,308,preliminär
SPVG,Sjukvårdspartiet - Västra Götaland,Lidköping,1494,22,5602,preliminär
SJV,Sjukvårdspartiet,Övertorneå,2518,21.3,442,preliminär
Kons,Konsensus - För Vadstenas Bästa,Vadstena,0584,20.5,919,preliminär
MOP,Morapartiet,Mora,2062,20.5,2686,preliminär
DiN,Demokraterna i Norberg,Norberg,1962,20.3,640,preliminär
VF,Vår Framtid,Klippan,1276,19.8,1996,preliminär
ByP,Bygdepartiet,Leksand,2029,19.8,2113,preliminär
VV,Västjämtlands Väl,Åre,2321,19.8,1492,preliminär
WAX,Waxholmspartiet - borgerligt alternativ,Vaxholm,0187,19,1434,preliminär
NU,Nya Ulricehamn,Ulricehamn,1491,18.4,2654,preliminär
ÖrP,Örebropartiet,Örebro,1880,17.2,17891,preliminär
JVB,Jämtlands Väl Bräcke,Bräcke,2305,15.4,451,preliminär
Bollp,Bollnäspartiet,Bollnäs,2183,15.2,2472,preliminär
LP,LIDINGÖPARTIET,Lidingö,0186,14.9,4672,preliminär
SK,Surahammars kommunparti,Surahammar,1907,14.4,814,preliminär
DO!T,De Oberoende i Torsby,Torsby,1737,14.1,878,preliminär
LB,Löddebygden,Kävlinge,1261,14,2963,preliminär
TList,Tierpslistan,Tierp,0360,13.7,1825,preliminär
AnS,Ansvar i samverkan,Munkedal,1430,13.4,790,preliminär
MED,Medborgerlig Samling,Laholm,1381,13.3,2241,preliminär
SjvV,Sjukvårdspartiet i Värmland,Säffle,1785,13.3,1110,preliminär
FJK,Framtid i Jokkmokks kommun,Jokkmokk,2510,13.2,362,preliminär
VF,Vetlanda framåtanda,Vetlanda,0685,13.1,2213,preliminär
St,Stenungsundspartiet,Stenungsund,1415,13,2191,preliminär
Fok,Fokus,Lomma,1262,12.6,2011,preliminär
FrSÖ,Framtid S Övertorneå,Övertorneå,2518,12.5,260,preliminär
NL,Nackalistan,Nacka,0182,12.3,8784,preliminär
FPO,Folkviljan Orust,Orust,1421,12.1,1213,preliminär
NP,Nykvarnspartiet,Nykvarn,0140,12,900,preliminär
SköP,Skövdepartiet,Skövde,1496,12,4109,preliminär
BJP,Bjärepartiet,Båstad,1278,11.7,1256,preliminär
DemR,Demokratiresan,Sotenäs,1427,11.7,675,preliminär
LjP,Ljusdalsbygdens parti,Ljusdal,2161,11.7,1312,preliminär
VB,Väsbys Bästa,Upplands Väsby,0114,11.3,3040,preliminär
BÅP,Bålstapartiet,Håbo,0305,11.3,1503,preliminär
HD,HåboDemokraterna,Håbo,0305,11.2,1497,preliminär
LPo,Landsbygdspartiet Oberoende,Svenljunga,1465,10.9,665,preliminär
LPo,Landsbygdspartiet Oberoende,Nora,1884,10.9,669,preliminär
VFiK,Vanligt Folk i Köpings kommun,Köping,1983,10.5,1434,preliminär
hvkb,Hela Vara kommuns bästa,Vara,1470,10.4,1029,preliminär
TuP,Tullingepartiet,Botkyrka,0127,10.3,4682,preliminär
TJÖP,TJÖRNPARTIET,Tjörn,1419,10.2,1112,preliminär
ÅSP,Åselepartiet,Åsele,2463,10.2,137,preliminär
SI,Söderköpingsinitiativet,Söderköping,0582,10.1,972,preliminär
LL,Linköpingslistan,Linköping,0580,10,10828,preliminär
LP.NU,Lysekilspartiet,Lysekil,1484,9.9,901,preliminär
ArP,Arvikapartiet,Arvika,1784,9.9,1458,preliminär
KOSA,Kommunal Samling,Gagnef,2026,9.9,638,preliminär
TimP,Timråpartiet,Timrå,2262,9.8,1103,preliminär
LPo,Landsbygdspartiet Oberoende,Lindesberg,1885,9.6,1330,preliminär
NorrP,Norrlandspartiet,Timrå,2262,9.6,1071,preliminär
KL,Kommunlistan,Älvdalen,2039,9.2,368,preliminär
ROP,Ronnebypartiet,Ronneby,1081,9.1,1645,preliminär
NE,Nystart Enköping (NE),Enköping,0381,8.9,2696,preliminär
Alt,Alternativet,Bromölla,1272,8.9,679,preliminär
JVK,Jämtlands Väl Krokom,Krokom,2309,8.9,859,preliminär
SBÄ,Salas bästa,Sala,1981,8.7,1229,preliminär
VS,Vårt Söderslätt,Trelleborg,1287,8.6,2481,preliminär
KLH,Kommunlistan,Hedemora,2083,8.5,752,preliminär
NorrP,Norrlandspartiet,Sollefteå,2283,8.4,935,preliminär
HEL,Hela Edas Lista,Eda,1730,8.2,313,preliminär
ALV,Alvesta Alternativet,Alvesta,0764,8.1,967,preliminär
Ö,Mälaröpartiet,Ekerö,0125,8,1442,preliminär
ÅP,Åstorpspartiet,Åstorp,1277,8,702,preliminär
FOV,Folkets Väl,Hässleholm,1293,8,2563,preliminär
NorrP,Norrlandspartiet,Örnsköldsvik,2284,7.8,2770,preliminär
R,Rönningepartiet,Salem,0128,7.7,714,preliminär
EP,EngelholmsPartiet,Ängelholm,1292,7.7,2233,preliminär
DEM,Demokraterna,Göteborg,1480,7.7,28221,preliminär
VSKB,Västra Initiativet,Sollefteå,2283,7.7,856,preliminär
ASB,Aktiv samling - Bodenalternativet,Boden,2582,7.7,1339,preliminär
NOR,Norapartiet,Nora,1884,7.6,465,preliminär
AfR,Allt för Ragunda,Ragunda,2303,7.6,213,preliminär
UddP,Uddevallapartiet,Uddevalla,1485,7.5,2552,preliminär
Ddem,Dalademokraterna,Ludvika,2085,7.5,1177,preliminär
LM,Lokalpartiet Malung-Sälen,Malung-Sälen,2023,7.3,459,preliminär
nop,nordanstigspartiet.se,Nordanstig,2132,7.3,409,preliminär
SJV,Sjukvårdspartiet,Haparanda,2583,7.3,284,preliminär
KiM,KommunPartiet Mellerud,Mellerud,1461,7.2,397,preliminär
MED,Medborgerlig Samling,Järfälla,0123,7,3450,preliminär
LPo,Landsbygdspartiet Oberoende,Kinda,0513,6.9,407,preliminär
Vfp,Medborgarpartiet,Vänersborg,1487,6.9,1708,preliminär
FÖL,Framtid Öland,Borgholm,0885,6.7,492,preliminär
HfH,Hjärta för Halmstad,Halmstad,1380,6.7,4474,preliminär
SN,Sorundanet Nynäshamns kommunparti,Nynäshamn,0192,6.6,1163,preliminär
LPo,Landsbygdspartiet Oberoende,Valdemarsvik,0563,6.6,325,preliminär
VOXH,Vox Humana - Folkets Röst,Härjedalen,2361,6.6,408,preliminär
ÄS,Älska Svedala,Svedala,1263,6.4,925,preliminär
HS,Hela Sunne,Sunne,1766,6.3,502,preliminär
NorrP,Norrlandspartiet,Härnösand,2280,6.3,967,preliminär
ROSP,Roslagspartiet,Österåker,0117,6.1,1869,preliminär
NorrP,Norrlandspartiet,Ånge,2260,6,317,preliminär
FR,Folkets Röst,Bollebygd,1443,5.9,352,preliminär
FöNyL,FörNyaLund,Lund,1281,5.7,4894,preliminär
ViP,Vingåkerspartiet - ViP,Vingåker,0428,5.5,301,preliminär
VT,Vi Tidaholm,Tidaholm,1498,5.5,399,preliminär
SKL,Kommunlistan,Storuman,2421,5.4,164,preliminär
SL,Sámelistu/Samelistan Partipolitiskt obunden,Kiruna,2584,5.3,690,preliminär
LOK,Lokalpartiet,Strängnäs,0486,5,1164,preliminär
MED,Medborgerlig Samling,Mullsjö,0642,5,225,preliminär
SAFE,SAFE - Solidaritet Arbete Fred Ekologi,Nässjö,0682,5,961,preliminär
SOKP,SPORT- OCH KOMMUNPARTIET,Härryda,1401,5,1217,preliminär
DP,Drevvikenpartiet,Huddinge,0126,4.9,3026,preliminär
SV,Samernas Väl,Jokkmokk,2510,4.9,136,preliminär
KFP,Kristna Familjepartiet,Botkyrka,0127,4.7,2141,preliminär
HaboD,Habodemokraterna,Habo,0643,4.7,367,preliminär
SFB,Sunt Förnuft Bengtsfors,Bengtsfors,1460,4.6,222,preliminär
K,Kommunistiska Partiet,Lysekil,1484,4.6,418,preliminär
HP,Herrljunga Partiet,Herrljunga,1466,4.5,252,preliminär
UtvP,Utvecklingspartiet,Kungälv,1482,4.5,1412,preliminär
SJV,Sjukvårdspartiet,Kiruna,2584,4.5,583,preliminär
KV,Kommunens Väl,Älvkarleby,0319,4.4,260,preliminär
SJV,Sjukvårdspartiet,Boden,2582,4.4,765,preliminär
MED,Medborgerlig Samling,Karlshamn,1082,4.3,870,preliminär
PSF,Partiet Sunt Förnuft,Vänersborg,1487,4.3,1063,preliminär
LVD,Livbojen Vaxholmsdemokraterna,Vaxholm,0187,4.2,319,preliminär
REAL,Realistpartiet,Södertälje,0181,4.1,2126,preliminär
LPo,Landsbygdspartiet Oberoende,Askersund,1882,4.1,300,preliminär
KUST,KUSTLANDSPARTIET,Oskarshamn,0882,3.9,671,preliminär
PF,Perstorps Framtid,Perstorp,1275,3.9,143,preliminär
Mal,Malmölistan,Malmö,1280,3.9,8375,preliminär
NorrP,Norrlandspartiet,Sundsvall,2281,3.9,2511,preliminär
SGP,Skärgårdspartiet,Värmdö,0120,3.8,1116,preliminär
KVS,Kommunens Väl,Skurup,1264,3.6,373,preliminär
Tfs,tjugofyrasju,Varberg,1383,3.6,1491,preliminär
SJV,Sjukvårdspartiet,Piteå,2581,3.6,1020,preliminär
BAP,BARAPARTIET,Svedala,1263,3.5,507,preliminär
Kbabo,Kungsbackaborna,Kungsbacka,1384,3.5,1840,preliminär
SJV,Sjukvårdspartiet,Kalix,2514,3.5,308,preliminär
SJV,Sjukvårdspartiet,Pajala,2521,3.5,115,preliminär
SoL,SoL-partiet Sölvesborg och Lister,Sölvesborg,1083,3.4,373,preliminär
Lap,Laholmspartiet,Laholm,1381,3.4,565,preliminär
VP,Varbergspartiet,Varberg,1383,3.4,1407,preliminär
FiA,FRAMTID I ALE,Ale,1440,3.3,647,preliminär
AP,Demokratiska Sekulära Socialister Arbetarpartiet,Umeå,2480,3.3,2884,preliminär
BoA,Lokalpartiet BoA,Östhammar,0382,3.2,464,preliminär
EMP,EMPA(R)TIET,Vaggeryd,0665,3.2,295,preliminär
HF,Hörbys Framtid,Hörby,1266,3.2,309,preliminär
PA,Politiskt Alternativ,Vilhelmina,2462,3.2,119,preliminär
Komv,Kommunens Väl,Hylte,1315,3,166,preliminär
LPo,Landsbygdspartiet Oberoende,Sollefteå,2283,3,334,preliminär
OS,Oberoende S,Botkyrka,0127,2.8,1297,preliminär
ÅF,Åtvidabergs Framtid,Åtvidaberg,0561,2.8,186,preliminär
SoB,Sans o Balans,Hammarö,1761,2.8,289,preliminär
LPo,Landsbygdspartiet Oberoende,Malung-Sälen,2023,2.8,173,preliminär
OÅ,OPiNiON Åsele,Åsele,2463,2.7,36,preliminär
SA,Socialistiskt Alternativ tidigare Rättvisepartiet Socialisterna,Luleå,2580,2.7,1391,preliminär
WeP,Westbopartiet,Gislaved,0662,2.6,443,preliminär
KIS,Klimatinitiativ Simrishamn,Simrishamn,1291,2.6,327,preliminär
FL,Framtidspartiet i Lekeberg,Lekeberg,1814,2.6,135,preliminär
PP(N),Pensionärspartiet i Nynäshamns kommun,Nynäshamn,0192,2.5,434,preliminär
UPDEM,Utvecklingspartiet demokraterna,Uppsala,0380,2.5,3829,preliminär
LIH,Liberalt initiativ Habo kommun,Habo,0643,2.5,194,preliminär
HP,Halmstadpartiet,Halmstad,1380,2.5,1649,preliminär
MED,Medborgerlig Samling,Gislaved,0662,2.3,393,preliminär
Nvk,Nordvärmlands kommunparti,Torsby,1737,2.3,141,preliminär
MED,Medborgerlig Samling,Höör,1267,2.2,238,preliminär
SJV,Sjukvårdspartiet,Gällivare,2523,2.2,216,preliminär
HP,Huddingepartiet,Huddinge,0126,2,1254,preliminär
